{"cameraMode":{"drawMode":0,"name":"Shaded","section":"Shading Mode"},"sceneLighting":true,"audioPlay":false,"sceneViewState":{"m_AlwaysRefresh":false,"showFog":true,"showSkybox":true,"showFlares":true,"showImageEffects":true,"showParticleSystems":true,"showVisualEffectGraphs":true,"m_FxEnabled":true},"in2DMode":false,"pivot":{"x":0.3372657299041748,"y":10.788472175598145,"z":-3.388181209564209},"rotation":{"x":-0.015776677057147027,"y":0.9838178157806397,"z":-0.13964493572711945,"w":-0.11114877462387085},"size":4.012144088745117,"orthographic":false}